variant,exposure_scaling_mode,strategy_cagr,strategy_max_drawdown,strategy_sharpe,total_trades,avg_exposure_pct,time_in_cash_pct,final_equity,total_fees,total_slippage,fees_slippage,btc_cagr,btc_max_drawdown,btc_sharpe,eth_cagr,eth_max_drawdown,eth_sharpe
no_scaling,no_scaling,0.5501634996564586,-0.828656846720509,0.7929955790741964,1051,80.89386705081867,8.75,161704.18288585445,12513.235849181025,12513.235849181025,25026.47169836205,0.46087458496380895,-0.7662925431645935,0.7734588279765564,0.5690419183011253,-0.7930253453633334,0.8022906104236721
breadth_100dma_scaling,breadth_100dma_scaling,0.7794113843654602,-0.598419594745658,1.0600105482960689,694,32.635111498620006,61.37931034482759,388171.5080592874,15833.512331780708,15833.512331780708,31667.024663561417,0.46087458496380895,-0.7662925431645935,0.7734588279765564,0.5690419183011253,-0.7930253453633334,0.8022906104236721
alt_participation_scaling,alt_participation_scaling,0.4427915537001985,-0.6515147384870168,0.8020709267759855,395,17.20619154259123,76.76724137931035,102516.95457101094,4630.775471474335,4630.775471474335,9261.55094294867,0.46087458496380895,-0.7662925431645935,0.7734588279765564,0.5690419183011253,-0.7930253453633334,0.8022906104236721
combined_breadth_and_alt_participation,combined_breadth_and_alt_participation,0.5123707686396677,-0.547378794181646,0.8854979410844437,373,15.980567165823276,78.27586206896552,138249.64837109705,4683.219837497339,4683.219837497339,9366.439674994677,0.46087458496380895,-0.7662925431645935,0.7734588279765564,0.5690419183011253,-0.7930253453633334,0.8022906104236721
