variant,strategy_cagr,strategy_max_drawdown,strategy_sharpe,total_trades,annualized_turnover,total_fees,total_slippage,final_equity,btc_cagr,btc_max_drawdown,eth_cagr,eth_max_drawdown
baseline,0.7907623179368968,-0.801018937666278,0.921098753629099,591,11.459949396673156,3124.4393004960043,3124.4393004960043,57449.60362013042,0.321376243423513,-0.7662925431645935,1.0934319416341722,-0.7930253453633334
wider_hold_buffer,0.7907623179368968,-0.801018937666278,0.921098753629099,591,11.459949396673156,3124.4393004960043,3124.4393004960043,57449.60362013042,0.321376243423513,-0.7662925431645935,1.0934319416341722,-0.7930253453633334
monthly_rebalance,1.4833759284110486,-0.7533686564740718,1.270986185102329,138,4.712763413936471,2438.771826636057,2438.771826636057,153249.05081074202,0.321376243423513,-0.7662925431645935,1.0934319416341722,-0.7930253453633334
stricter_entry,1.221139992903432,-0.8309256812130931,1.107161546266855,365,13.353408773406818,6920.585520808304,6920.585520808304,109638.98693909928,0.321376243423513,-0.7662925431645935,1.0934319416341722,-0.7930253453633334
no_trailing_stop,0.8180687927271335,-0.8057757763583622,0.9335297760050996,591,4.092106730839881,1205.7897247780966,1205.7897247780966,60118.56838878186,0.321376243423513,-0.7662925431645935,1.0934319416341722,-0.7930253453633334
