variant,strategy_cagr,strategy_max_drawdown,strategy_sharpe,total_trades,annualized_turnover,total_fees,total_slippage,final_equity,btc_cagr,btc_max_drawdown,eth_cagr,eth_max_drawdown
baseline,0.7750500032302015,-0.7730680541830385,0.9121725873904528,480,10.848473418157637,2625.122657597895,2625.122657597895,55950.291086010766,0.321376243423513,-0.7662925431645935,1.0934319416341722,-0.7930253453633334
wider_hold_buffer,0.7750500032302015,-0.7730680541830385,0.9121725873904528,480,10.848473418157637,2625.122657597895,2625.122657597895,55950.291086010766,0.321376243423513,-0.7662925431645935,1.0934319416341722,-0.7930253453633334
monthly_rebalance,1.2681973466671188,-0.7418695452832235,1.1657693680343546,112,4.536978717194526,1770.8748336247706,1770.8748336247706,116757.81646430635,0.321376243423513,-0.7662925431645935,1.0934319416341722,-0.7930253453633334
stricter_entry,0.744324640526421,-0.8233553056613814,0.8889584585144621,358,13.867756217015625,3792.6156591917093,3792.6156591917093,53094.23064151764,0.321376243423513,-0.7662925431645935,1.0934319416341722,-0.7930253453633334
no_trailing_stop,0.9048645103750577,-0.7774075170394942,0.9703864689388491,480,4.007777986993716,1209.0775644038056,1209.0775644038056,69148.66948062532,0.321376243423513,-0.7662925431645935,1.0934319416341722,-0.7930253453633334
