variant,strategy_cagr,strategy_max_drawdown,strategy_sharpe,total_trades,annualized_turnover,total_fees,total_slippage,final_equity,btc_cagr,btc_max_drawdown,eth_cagr,eth_max_drawdown
baseline,0.7828718777306245,-0.7725060547799661,0.9164119279274036,480,10.83530061413781,2649.2690446524625,1324.6345223262313,56693.371695041154,0.321376243423513,-0.7662925431645935,1.0934319416341722,-0.7930253453633334
wider_hold_buffer,0.7828718777306245,-0.7725060547799661,0.9164119279274036,480,10.83530061413781,2649.2690446524625,1324.6345223262313,56693.371695041154,0.321376243423513,-0.7662925431645935,1.0934319416341722,-0.7930253453633334
monthly_rebalance,1.2731909940092172,-0.7410113061940157,1.1681927882709717,112,4.533193183723297,1777.9397234623586,888.9698617311793,117530.85196829814,0.321376243423513,-0.7662925431645935,1.0934319416341722,-0.7930253453633334
stricter_entry,0.7554348157658157,-0.8227706391475368,0.8949805786999905,358,13.845238490218858,3843.804116287344,1921.902058143672,54115.465026463215,0.321376243423513,-0.7662925431645935,1.0934319416341722,-0.7930253453633334
no_trailing_stop,0.9085036641909865,-0.7772889013907811,0.9721640663786615,480,4.005887816234795,1214.3857071415146,607.1928535707573,69545.8337753442,0.321376243423513,-0.7662925431645935,1.0934319416341722,-0.7930253453633334
